OBJECTID,Variable_Num,Variable,CSA,Summary_Level,Rate_per_1000_Children,Race_Sort,SHAPE_Length,SHAPE_Area
1925,2,Investigations,City of Agoura Hills,Total,22,1,0.248866000119711,0.00197937960779784
1931,2,Investigations,City of Alhambra,Total,28,1,0.208116102125526,0.00193081864761059
1937,2,Investigations,City of Arcadia,Total,20,1,0.395905636200435,0.0028121648186888
1943,2,Investigations,City of Artesia,Total,43,1,0.122431683914295,0.000409215496815672
1949,2,Investigations,City of Avalon,Total,0,,0.170660355371757,0.000744848035278319
1955,2,Investigations,City of Azusa,Total,36,1,0.479638007772194,0.00244461455633364
1961,2,Investigations,City of Baldwin Park,Total,38,1,0.26526865528021,0.00171483244784463
1967,2,Investigations,City of Bell,Total,31,1,0.201253934121175,0.000661453704892161
1973,2,Investigations,City of Bell Gardens,Total,31,1,0.119805929790615,0.000622766910320746
1979,2,Investigations,City of Bellflower,Total,36,1,0.177510117304338,0.00156057710970147
1985,2,Investigations,City of Beverly Hills,Total,23,1,0.259135618221336,0.00144538240689675
1991,2,Investigations,City of Bradbury,Total,0,,0.118354917759449,0.000496348368517903
1997,2,Investigations,City of Burbank,Total,23,1,0.308810982935504,0.00439321974495126
2003,2,Investigations,City of Calabasas,Total,22,1,0.460532421617535,0.0034834990747898
2009,2,Investigations,City of Carson,Total,32,1,0.379040967738459,0.00477766517051627
2015,2,Investigations,City of Cerritos,Total,18,1,0.361028898393152,0.00223383083280076
2021,2,Investigations,City of Claremont,Total,26,1,0.445993303169515,0.00340895760847175
2027,2,Investigations,City of Commerce,Total,32,1,0.288479377882284,0.0016564266062424
2033,2,Investigations,City of Compton,Total,49,1,0.537670060246917,0.00254953659681603
2039,2,Investigations,City of Covina,Total,39,1,0.572231709796215,0.00178194915392919
2045,2,Investigations,City of Cudahy,Total,38,1,0.10356940068465,0.000310517745965024
2051,2,Investigations,City of Culver City,Total,16,1,0.357182436142024,0.00129782732415305
2057,2,Investigations,City of Diamond Bar,Total,19,1,0.333246775658494,0.00376155002692882
2063,2,Investigations,City of Downey,Total,37,1,0.275107413903515,0.00317402393115194
2069,2,Investigations,City of Duarte,Total,27,1,0.340149395680328,0.00169390521857218
2075,2,Investigations,City of El Monte,Total,39,1,0.32272216310874,0.00243221222774987
2081,2,Investigations,City of El Segundo,Total,24,1,0.178011177328626,0.00137289316251639
2087,2,Investigations,City of Gardena,Total,36,1,0.194000326311527,0.00147824561437197
2093,2,Investigations,City of Glendale,Total,19,1,0.570119506101294,0.00775210654235384
2099,2,Investigations,City of Glendora,Total,29,1,0.499837513610344,0.00497344824909509
2105,2,Investigations,City of Hawaiian Gardens,Total,39,1,0.0780289071324579,0.000241034956289211
2111,2,Investigations,City of Hawthorne,Total,38,1,0.334048272174308,0.00153585204787499
2117,2,Investigations,City of Hermosa Beach,Total,13,1,0.0910212754174157,0.0003664536208009
2123,2,Investigations,City of Hidden Hills,Total,0,,0.12914206016803,0.000427364473917032
2129,2,Investigations,City of Huntington Park,Total,44,1,0.203985389259319,0.000761731161725046
2135,2,Investigations,City of Industry,Total,0,,1.12809816550916,0.00304317351173572
2141,2,Investigations,City of Inglewood,Total,36,1,0.271657441785006,0.00229808691929832
2147,2,Investigations,City of Irwindale,Total,28,1,0.400469901964129,0.00243791765772103
2153,2,Investigations,City of La Canada Flintridge,Total,20,1,0.278929985903409,0.00219108763886438
2159,2,Investigations,City of La Habra Heights,Total,21,1,0.218027411565366,0.00155600886967184
2165,2,Investigations,City of La Mirada,Total,19,1,0.241979514902951,0.00198121616549269
2171,2,Investigations,City of La Puente,Total,38,1,0.265199226250535,0.000878292889790431
2177,2,Investigations,City of La Verne,Total,33,1,0.347269985722932,0.00215721630634112
2183,2,Investigations,City of Lakewood,Total,25,1,0.378800226155558,0.00238471272350777
2189,2,Investigations,City of Lancaster,Total,84,1,2.06984869420164,0.0240874593086
2195,2,Investigations,City of Lawndale,Total,36,1,0.109623891117899,0.000496716738153241
2201,2,Investigations,City of Lomita,Total,40,1,0.134237246548344,0.000483609905095923
2207,2,Investigations,City of Long Beach,Total,43,1,1.74852585444658,0.0130331630678781
2213,2,Investigations,City of Lynwood,Total,35,1,0.217538696810478,0.0012228335610089
2219,2,Investigations,City of Malibu,Total,28,1,0.8024901964736,0.00497853875652733
2225,2,Investigations,City of Manhattan Beach,Total,10,1,0.148792134536836,0.000991348905340464
2231,2,Investigations,City of Maywood,Total,44,1,0.0939543944304815,0.000297679366030336
2237,2,Investigations,City of Monrovia,Total,32,1,0.436339332950627,0.0034748981710232
2243,2,Investigations,City of Montebello,Total,36,1,0.301973971997571,0.00211565888834048
2249,2,Investigations,City of Monterey Park,Total,29,1,0.246181059906158,0.00195655566357385
2255,2,Investigations,City of Norwalk,Total,30,1,0.27659803944023,0.00246330523027744
2261,2,Investigations,City of Palmdale,Total,70,1,2.11067812661048,0.0270517854002516
2267,2,Investigations,City of Palos Verdes Estates,Total,19,1,0.218910947067362,0.00120377547307774
2273,2,Investigations,City of Paramount,Total,41,1,0.205382496888307,0.00121698348366441
2279,2,Investigations,City of Pasadena,Total,24,1,0.851016209244862,0.00585756028884873
2285,2,Investigations,City of Pico Rivera,Total,38,1,0.286588141163563,0.00224968853423895
2291,2,Investigations,City of Pomona,Total,55,1,0.490877047462131,0.00581511841475453
2297,2,Investigations,City of Rancho Palos Verdes,Total,19,1,0.608673770697372,0.00339705959909641
2303,2,Investigations,City of Redondo Beach,Total,20,1,0.347330153263916,0.0015724954926216
2309,2,Investigations,City of Rolling Hills Estates,Total,27,1,0.372083175054735,0.000906364335859894
2315,2,Investigations,City of Rosemead,Total,32,1,0.28682094321792,0.00130852997602494
2321,2,Investigations,City of San Dimas,Total,36,1,0.520245272018253,0.00390050112193055
2327,2,Investigations,City of San Fernando,Total,41,1,0.111038544575074,0.000601401152021338
2333,2,Investigations,City of San Gabriel,Total,26,1,0.288650016909297,0.00104567185563316
2339,2,Investigations,City of San Marino,Total,11,1,0.173393605243347,0.000953385466381768
2345,2,Investigations,City of Santa Clarita,Total,32,1,1.10257446486729,0.0180010184454809
2351,2,Investigations,City of Santa Fe Springs,Total,45,1,0.475171523536746,0.00224164594709048
2357,2,Investigations,City of Santa Monica,Total,20,1,0.206220462192854,0.00215171691164831
2363,2,Investigations,City of Sierra Madre,Total,15,1,0.123580141790413,0.000748833768390558
2369,2,Investigations,City of Signal Hill,Total,25,1,0.171577242780986,0.000552299551810432
2375,2,Investigations,City of South El Monte,Total,36,1,0.189382889377562,0.000720692222362752
2381,2,Investigations,City of South Gate,Total,36,1,0.314449692639065,0.00185706305227982
2387,2,Investigations,City of South Pasadena,Total,20,1,0.133275857347306,0.000864091280235587
2393,2,Investigations,City of Temple City,Total,28,1,0.18420403569309,0.00101872393945482
2399,2,Investigations,City of Torrance,Total,25,1,0.418002051511802,0.00518505303279553
2405,2,Investigations,City of Walnut,Total,25,1,0.278541927103304,0.00227063307100484
2411,2,Investigations,City of West Covina,Total,34,1,0.624112077828114,0.00406412341260253
2417,2,Investigations,City of West Hollywood,Total,10,1,0.176243310194572,0.00047950088739172
2423,2,Investigations,City of Westlake Village,Total,31,1,0.196952642797329,0.00139286796726531
2429,2,Investigations,City of Whittier,Total,33,1,0.501963648640205,0.00370394163069696
2435,2,Investigations,Los Angeles - Adams-Normandie,Total,32,1,0.0404181338997855,9.37893989420926e-05
2441,2,Investigations,Los Angeles - Alsace,Total,36,1,0.0638967367120182,0.000157334542653146
2447,2,Investigations,Los Angeles - Angelino Heights,Total,0,,0.0304736068151074,3.79232449773184e-05
2453,2,Investigations,Los Angeles - Arleta,Total,33,1,0.123352644086382,0.000724110384869328
2459,2,Investigations,Los Angeles - Atwater Village,Total,24,1,0.194603532791588,0.000589454798063729
2465,2,Investigations,Los Angeles - Baldwin Hills,Total,61,1,0.157724198088036,0.000656452385479125
2471,2,Investigations,Los Angeles - Bel Air,Total,23,1,0.229297790687795,0.0016935018070072
2477,2,Investigations,Los Angeles - Beverly Crest,Total,15,1,0.336242025138784,0.0021263907331503
2483,2,Investigations,Los Angeles - Beverlywood,Total,17,1,0.10046225791266,0.000271351658803548
2489,2,Investigations,Los Angeles - Boyle Heights,Total,45,1,0.176159308514736,0.00130649759788602
2495,2,Investigations,Los Angeles - Brentwood,Total,8,1,0.298337940816024,0.00233342070496659
2501,2,Investigations,Los Angeles - Cadillac-Corning,Total,33,1,0.0327053057952572,6.09492553194173e-05
2507,2,Investigations,Los Angeles - Canoga Park,Total,42,1,0.170640621741303,0.00116598385177971
2513,2,Investigations,Los Angeles - Carthay,Total,6,1,0.083186582128218,0.000250852693076499
2519,2,Investigations,Los Angeles - Central,Total,52,1,0.0996880168769741,0.000378268661928269
2525,2,Investigations,Los Angeles - Century City,Total,12,1,0.072697091496054,0.000292611203940263
2531,2,Investigations,Los Angeles - Century Palms/Cove,Total,82,1,0.102836010841128,0.000524318812094121
2537,2,Investigations,Los Angeles - Chatsworth,Total,36,1,0.237009646625945,0.0026656443186427
2543,2,Investigations,Los Angeles - Cheviot Hills,Total,14,1,0.097335817157407,0.000438627541705268
2549,2,Investigations,Los Angeles - Chinatown,Total,38,1,0.0448376876230435,0.000101497155596012
2555,2,Investigations,Los Angeles - Cloverdale/Cochran,Total,41,1,0.076209387580779,0.000218761762629165
2561,2,Investigations,Los Angeles - Country Club Park,Total,25,1,0.0693245866324961,0.000244619150803494
2567,2,Investigations,Los Angeles - Crenshaw District,Total,31,1,0.0777880350423987,0.000299080296075901
2573,2,Investigations,Los Angeles - Crestview,Total,27,1,0.0672269280224067,0.000197200684351199
2579,2,Investigations,Los Angeles - Del Rey,Total,32,1,0.13796091115283,0.000592123893641403
2585,2,Investigations,Los Angeles - Downtown,Total,31,1,0.133069945739213,0.000526060477519661
2591,2,Investigations,Los Angeles - Eagle Rock,Total,15,1,0.18271530155642,0.00117085642356554
2597,2,Investigations,Los Angeles - East Hollywood,Total,38,1,0.0690566240822627,0.000278853816901634
2603,2,Investigations,Los Angeles - Echo Park,Total,14,1,0.0775767352351344,0.000251869918520886
2609,2,Investigations,Los Angeles - El Sereno,Total,46,1,0.172161071188234,0.00098959619515685
2615,2,Investigations,Los Angeles - Elysian Park,Total,28,1,0.1179848899867,0.000442746481512466
2621,2,Investigations,Los Angeles - Elysian Valley,Total,30,1,0.161613952455203,0.000243659578264268
2627,2,Investigations,Los Angeles - Encino,Total,17,1,0.313691814246267,0.00358185968840686
2633,2,Investigations,Los Angeles - Exposition,Total,34,1,0.0412437080401397,8.90733628311637e-05
2639,2,Investigations,Los Angeles - Exposition Park,Total,50,1,0.131143495182603,0.000642354002066832
2645,2,Investigations,Los Angeles - Faircrest Heights,Total,27,1,0.0488613065981233,0.000118775106930742
2651,2,Investigations,Los Angeles - Figueroa Park Square,Total,81,1,0.0637987000721037,0.000180502486352216
2657,2,Investigations,Los Angeles - Florence-Firestone,Total,67,1,0.124932099237284,0.000639271201577805
2663,2,Investigations,Los Angeles - Glassell Park,Total,23,1,0.153004945057148,0.000769396200233402
2669,2,Investigations,Los Angeles - Gramercy Place,Total,57,1,0.0785187925862915,0.00028930731983802
2675,2,Investigations,Los Angeles - Granada Hills,Total,25,1,0.287862264042004,0.00399232663120421
2681,2,Investigations,Los Angeles - Green Meadows,Total,72,1,0.071723109692794,0.000309855016800345
2687,2,Investigations,Los Angeles - Hancock Park,Total,8,1,0.110372171301424,0.000520113480164633
2693,2,Investigations,Los Angeles - Harbor City,Total,49,1,0.203532160863887,0.00115066063065796
2699,2,Investigations,Los Angeles - Harbor Gateway,Total,42,1,0.328563055930902,0.00127816238987483
2705,2,Investigations,Los Angeles - Harbor Pines,Total,19,1,0.0354183160141901,6.05663416009278e-05
2711,2,Investigations,Los Angeles - Harvard Heights,Total,42,1,0.0666558412586538,0.000189559873360293
2717,2,Investigations,Los Angeles - Harvard Park,Total,67,1,0.107765357767765,0.000571994605208105
2723,2,Investigations,Los Angeles - Highland Park,Total,23,1,0.168739870263284,0.0007672621915131
2729,2,Investigations,Los Angeles - Historic Filipinotown,Total,52,1,0.0655077295349348,0.00015143786564697
2735,2,Investigations,Los Angeles - Hollywood,Total,33,1,0.243480765896103,0.00112307193234303
2741,2,Investigations,Los Angeles - Hollywood Hills,Total,14,1,0.264827110381787,0.00178417062184497
2747,2,Investigations,Los Angeles - Hyde Park,Total,61,1,0.11470060057006,0.000515842042416356
2753,2,Investigations,Los Angeles - Jefferson Park,Total,39,1,0.0425803295218846,0.000113950313455811
2759,2,Investigations,Los Angeles - Koreatown,Total,32,1,0.0885516229079747,0.000368691094909489
2765,2,Investigations,Los Angeles - Lafayette Square,Total,22,1,0.0363186965429344,6.56838935014133e-05
2771,2,Investigations,Los Angeles - Lake Balboa,Total,34,1,0.185376609311672,0.000965863592151654
2777,2,Investigations,Los Angeles - Lakeview Terrace,Total,46,1,0.364393022638164,0.00151463153547042
2783,2,Investigations,Los Angeles - Leimert Park,Total,47,1,0.0841276697940224,0.000332678661595619
2789,2,Investigations,Los Angeles - Lincoln Heights,Total,37,1,0.180915569428269,0.00082630561057635
2795,2,Investigations,Los Angeles - Little Armenia,Total,37,1,0.032051814072032,6.37346197211515e-05
2801,2,Investigations,Los Angeles - Little Bangladesh,Total,22,1,0.0494254016635679,0.000126842599889516
2807,2,Investigations,Los Angeles - Little Tokyo,Total,0,,0.0345222438562452,5.6507987263607e-05
2813,2,Investigations,Los Angeles - Longwood,Total,23,1,0.0408228966920368,5.95898942973068e-05
2819,2,Investigations,Los Angeles - Los Feliz,Total,10,1,0.271143949749742,0.00264667688057604
2825,2,Investigations,Los Angeles - Manchester Square,Total,42,1,0.0554242104405737,0.000191411906890491
2831,2,Investigations,Los Angeles - Mar Vista,Total,10,1,0.154807415383396,0.000889156216559842
2837,2,Investigations,Los Angeles - Marina Peninsula,Total,0,,0.071032311824144,9.72213402231664e-05
2843,2,Investigations,Los Angeles - Melrose,Total,25,1,0.261942434455799,0.00113359483887298
2849,2,Investigations,Los Angeles - Mid-city,Total,18,1,0.0932157679603402,0.000284272129312414
2855,2,Investigations,Los Angeles - Miracle Mile,Total,25,1,0.124777768274214,0.000301727861154081
2861,2,Investigations,Los Angeles - Mission Hills,Total,35,1,0.146991267748747,0.000942037319800623
2867,2,Investigations,Los Angeles - Mt. Washington,Total,33,1,0.131918420292231,0.000597295038179212
2873,2,Investigations,Los Angeles - North Hills,Total,43,1,0.176470790480855,0.00132656801020468
2879,2,Investigations,Los Angeles - North Hollywood,Total,36,1,0.323880107891808,0.00286330081670104
2885,2,Investigations,Los Angeles - Northridge,Total,43,1,0.247096552209355,0.00243502320180227
2891,2,Investigations,Los Angeles - Pacific Palisades,Total,10,1,0.262203996273333,0.001454284234494
2897,2,Investigations,Los Angeles - Pacoima,Total,54,1,0.170638322531899,0.00150253250562569
2903,2,Investigations,Los Angeles - Palisades Highlands,Total,14,1,0.391154954308348,0.00467594268616978
2909,2,Investigations,Los Angeles - Palms,Total,13,1,0.114625719114816,0.000463120774693789
2915,2,Investigations,Los Angeles - Panorama City,Total,42,1,0.153137694385131,0.00095940512599261
2921,2,Investigations,Los Angeles - Park La Brea,Total,7,1,0.0521576956770881,0.000121126828389467
2927,2,Investigations,Los Angeles - Pico-Union,Total,47,1,0.0905868943687717,0.000338808972307594
2933,2,Investigations,Los Angeles - Playa Del Rey,Total,0,,0.0946096773363374,0.000169154436746381
2939,2,Investigations,Los Angeles - Playa Vista,Total,12,1,0.119644187612411,0.000341401363451309
2945,2,Investigations,Los Angeles - Porter Ranch,Total,18,1,0.231148820165918,0.00207716375871535
2951,2,Investigations,Los Angeles - Rancho Park,Total,3,1,0.067265042786304,0.000212910386338026
2957,2,Investigations,Los Angeles - Regent Square,Total,33,1,0.0330049130716546,5.11627297806478e-05
2963,2,Investigations,Los Angeles - Reseda,Total,39,1,0.181283808234157,0.00156949757353653
2969,2,Investigations,Los Angeles - Reseda Ranch,Total,52,1,0.0594293910541036,0.000182321519133318
2975,2,Investigations,Los Angeles - Reynier Village,Total,20,1,0.0456309067084665,8.76273868392655e-05
2981,2,Investigations,Los Angeles - San Pedro,Total,53,1,0.946152690152179,0.0030018318812973
2987,2,Investigations,Los Angeles - Shadow Hills,Total,0,,0.151392652567068,0.000774656585562652
2993,2,Investigations,Los Angeles - Sherman Oaks,Total,19,1,0.290271821814578,0.00277602473862062
2999,2,Investigations,Los Angeles - Silverlake,Total,20,1,0.195586980513994,0.00096283011914224
3005,2,Investigations,Los Angeles - South Carthay,Total,24,1,0.0561451901335926,0.000134258682430454
3011,2,Investigations,Los Angeles - South Park,Total,62,1,0.0827179084433461,0.000364319850286576
3017,2,Investigations,Los Angeles - St Elmo Village,Total,40,1,0.026557317431649,3.79277514149152e-05
3023,2,Investigations,Los Angeles - Studio City,Total,13,1,0.205145949438129,0.00108800767252275
3029,2,Investigations,Los Angeles - Sun Valley,Total,39,1,0.462763881394393,0.00348846879015662
3035,2,Investigations,Los Angeles - Sunland,Total,29,1,0.341132996461394,0.00167510367128714
3041,2,Investigations,Los Angeles - Sylmar,Total,41,1,0.369119805345116,0.00300450651334884
3047,2,Investigations,Los Angeles - Tarzana,Total,32,1,0.221251690076734,0.00162655852356817
3053,2,Investigations,Los Angeles - Temple-Beaudry,Total,39,1,0.166775008590551,0.000350684909230505
3059,2,Investigations,Los Angeles - Thai Town,Total,35,1,0.0319830993222454,5.549565925075e-05
3065,2,Investigations,Los Angeles - Toluca Lake,Total,15,1,0.077429796838406,0.000261540627329514
3071,2,Investigations,Los Angeles - Toluca Terrace,Total,0,,0.0201088998205574,2.25103548157794e-05
3077,2,Investigations,Los Angeles - Toluca Woods,Total,0,,0.036853889568839,6.52072245547748e-05
3083,2,Investigations,Los Angeles - Tujunga,Total,27,1,0.219238103994367,0.00139888116667994
3089,2,Investigations,Los Angeles - University Hills,Total,19,1,0.0556838603910964,0.000119202717235391
3095,2,Investigations,Los Angeles - University Park,Total,43,1,0.105681635232811,0.000344905026552569
3101,2,Investigations,Los Angeles - Valley Glen,Total,34,1,0.102744669373922,0.000594142575967441
3107,2,Investigations,Los Angeles - Valley Village,Total,19,1,0.110273214178567,0.000517913086209556
3113,2,Investigations,Los Angeles - Van Nuys,Total,41,1,0.280275883231688,0.00186827253847969
3119,2,Investigations,Los Angeles - Venice,Total,13,1,0.131632529283548,0.000706330248542109
3125,2,Investigations,Los Angeles - Vermont Knolls,Total,78,1,0.0781571603503456,0.000268926450623763
3131,2,Investigations,Los Angeles - Vermont Square,Total,56,1,0.043309098772569,0.000112391329050453
3137,2,Investigations,Los Angeles - Vermont Vista,Total,72,1,0.109389053955746,0.000479043784512135
3143,2,Investigations,Los Angeles - Vernon Central,Total,54,1,0.120659981209288,0.000577067848172584
3149,2,Investigations,Los Angeles - Victoria Park,Total,37,1,0.0501599489497368,0.000101911353593667
3155,2,Investigations,Los Angeles - View Heights,Total,35,1,0.0510426619775541,8.69643740041964e-05
3161,2,Investigations,Los Angeles - Watts,Total,79,1,0.102531694598197,0.000527296808913081
3167,2,Investigations,Los Angeles - Wellington Square,Total,25,1,0.0423795215223555,8.87980883569578e-05
3173,2,Investigations,Los Angeles - West Adams,Total,40,1,0.110607767295601,0.000370100586657909
3179,2,Investigations,Los Angeles - West Hills,Total,26,1,0.320298076326153,0.00253318196882142
3185,2,Investigations,Los Angeles - West Los Angeles,Total,11,1,0.112030117846387,0.000541679653922235
3191,2,Investigations,Los Angeles - West Vernon,Total,63,1,0.155857947480252,0.000637508185906347
3197,2,Investigations,Los Angeles - Westchester,Total,13,1,0.34859976618331,0.00325623182024986
3203,2,Investigations,Los Angeles - Westlake,Total,55,1,0.0788227637502331,0.000290695811200703
3209,2,Investigations,Los Angeles - Westwood,Total,11,1,0.186803662974548,0.000960406545122338
3215,2,Investigations,Los Angeles - Wholesale District,Total,43,1,0.239940882392991,0.00158730421013961
3221,2,Investigations,Los Angeles - Wilmington,Total,46,1,0.330739706908486,0.00178057492576476
3227,2,Investigations,Los Angeles - Wilshire Center,Total,41,1,0.120652595734981,0.000326413717578513
3233,2,Investigations,Los Angeles - Winnetka,Total,42,1,0.168640075094795,0.00126989499740873
3239,2,Investigations,Los Angeles - Woodland Hills,Total,28,1,0.373298154224862,0.00373647782900765
3245,2,Investigations,Unincorporated - Acton,Total,49,1,0.764525896268583,0.0159379458205926
3251,2,Investigations,Unincorporated - Agua Dulce,Total,23,1,0.666379407842617,0.0108985532846995
3257,2,Investigations,Unincorporated - Altadena,Total,26,1,0.302643692285,0.00221831693028735
3263,2,Investigations,Unincorporated - Anaverde,Total,53,1,0.296572555235419,0.00301569561293198
3269,2,Investigations,Unincorporated - Angeles National Forest,Total,0,,2.91964182924233,0.175352888458245
3275,2,Investigations,Unincorporated - Arcadia,Total,32,1,0.107042075247082,0.000229922528736133
3281,2,Investigations,Unincorporated - Athens Village,Total,88,1,0.0489163227857659,0.00011383534533695
3287,2,Investigations,Unincorporated - Athens-Westmont,Total,84,1,0.161234276703127,0.000803942119650765
3293,2,Investigations,Unincorporated - Avocado Heights,Total,36,1,0.172846971853858,0.00031372583230027
3299,2,Investigations,Unincorporated - Azusa,Total,35,1,0.286350563371687,0.000398108913146537
3305,2,Investigations,Unincorporated - Bassett,Total,26,1,0.152188479863128,0.000312092094259484
3311,2,Investigations,Unincorporated - Bouquet Canyon,Total,21,1,0.518041144111758,0.0071049336674068
3317,2,Investigations,Unincorporated - Canyon Country,Total,43,1,0.315735915884608,0.00150655567312019
3323,2,Investigations,Unincorporated - Castaic,Total,32,1,1.67062807643048,0.0774608157577342
3329,2,Investigations,Unincorporated - Claremont,Total,0,,0.148556104602408,0.000253296254321282
3335,2,Investigations,Unincorporated - Covina,Total,29,1,0.39197226032047,0.000975425708309463
3341,2,Investigations,Unincorporated - Covina (Charter Oak),Total,39,1,0.305249166172701,0.000332124225615118
3347,2,Investigations,Unincorporated - Del Aire,Total,13,1,0.0521483528054014,0.000139846055337485
3353,2,Investigations,Unincorporated - Del Rey,Total,0,,0.0160048553890251,1.22647360926692e-05
3359,2,Investigations,Unincorporated - Del Sur,Total,93,1,1.07468032141088,0.00866626300882069
3365,2,Investigations,Unincorporated - Desert View Highlands,Total,82,1,0.0744808693475787,0.000112838526752682
3371,2,Investigations,Unincorporated - Duarte,Total,36,1,0.0460798451147739,8.93768708664473e-05
3377,2,Investigations,Unincorporated - East La Mirada,Total,22,1,0.0584438461336477,0.000163174403004596
3383,2,Investigations,Unincorporated - East Los Angeles,Total,43,1,0.262645520380267,0.00188140045320402
3389,2,Investigations,Unincorporated - East Pasadena,Total,16,1,0.294469170638737,0.00076270853378168
3395,2,Investigations,Unincorporated - East Rancho Dominguez,Total,35,1,0.147490912225958,0.000208446505268685
3401,2,Investigations,Unincorporated - East Whittier,Total,48,1,0.0491235038419103,0.000113783247193244
3407,2,Investigations,Unincorporated - El Camino Village,Total,32,1,0.078559753960958,0.000288459376143411
3413,2,Investigations,Unincorporated - El Monte,Total,0,,0.00481814492021017,9.89843529440521e-07
3419,2,Investigations,Unincorporated - Elizabeth Lake,Total,0,,0.31156154651133,0.00227008012740068
3425,2,Investigations,Unincorporated - Florence-Firestone,Total,56,1,0.159589830630561,0.000881407077856634
3431,2,Investigations,Unincorporated - Glendora,Total,0,,0.141369076579408,0.000141165598327879
3437,2,Investigations,Unincorporated - Hacienda Heights,Total,21,1,0.314179503715665,0.00307140229649033
3443,2,Investigations,Unincorporated - Hawthorne,Total,0,,0.0249303519690533,3.00798423460745e-05
3449,2,Investigations,Unincorporated - Hi Vista,Total,0,,0.956416907050513,0.0433562613284237
3455,2,Investigations,Unincorporated - Kagel/Lopez Canyons,Total,0,,0.420318612667206,0.00221893773466414
3461,2,Investigations,Unincorporated - La Crescenta-Montrose,Total,17,1,0.165006311561844,0.000871801405214359
3467,2,Investigations,Unincorporated - La Rambla,Total,46,1,0.0433276190502597,5.2842857920894e-05
3473,2,Investigations,Unincorporated - La Verne,Total,8,1,0.226336120506777,0.000771199448631535
3479,2,Investigations,Unincorporated - Ladera Heights,Total,31,1,0.186599794436853,0.000747009482501226
3485,2,Investigations,Unincorporated - Lake Los Angeles,Total,80,1,0.567442337066846,0.011561224527135
3491,2,Investigations,Unincorporated - Lake Manor,Total,0,,0.0926036308020218,0.000138797547463045
3497,2,Investigations,Unincorporated - Lennox,Total,36,1,0.100138316846309,0.000276783021025787
3503,2,Investigations,Unincorporated - Leona Valley,Total,53,1,0.572913773454421,0.00562460510905221
3509,2,Investigations,Unincorporated - Littlerock,Total,133,1,0.151757648251058,0.000854747605963196
3515,2,Investigations,Unincorporated - Littlerock/Juniper Hills,Total,0,,0.611271576551465,0.00894642718549808
3521,2,Investigations,Unincorporated - Littlerock/Pearblossom,Total,74,1,0.396812412394923,0.0062739265483722
3527,2,Investigations,Unincorporated - Llano,Total,0,,0.716908498313069,0.0235495432090114
3533,2,Investigations,Unincorporated - Marina del Rey,Total,24,1,0.22238917065181,0.000224742505902625
3539,2,Investigations,Unincorporated - Monrovia,Total,32,1,0.0695645427585997,0.000101944225019044
3545,2,Investigations,Unincorporated - Newhall,Total,0,,0.117320109383554,0.000327034511650123
3551,2,Investigations,Unincorporated - North Lancaster,Total,130,1,0.669746258662346,0.0115636873554676
3557,2,Investigations,Unincorporated - North Whittier,Total,18,1,0.10968128052145,0.000325611509422633
3563,2,Investigations,Unincorporated - Northeast San Gabriel,Total,28,1,0.265960433894564,0.000554723797919848
3569,2,Investigations,Unincorporated - Palmdale,Total,72,1,0.5100451915871,0.00669484164759668
3575,2,Investigations,Unincorporated - Palos Verdes Peninsula,Total,0,,0.0285448110821211,4.18401303688945e-05
3581,2,Investigations,Unincorporated - Pearblossom/Llano,Total,133,1,0.368233142613201,0.00421657597872513
3587,2,Investigations,Unincorporated - Pellissier Village,Total,0,,0.0485633434938719,7.97501190024993e-05
3593,2,Investigations,Unincorporated - Pomona,Total,36,1,0.129538336196805,0.00029797655630624
3599,2,Investigations,Unincorporated - Quartz Hill,Total,75,1,0.290102154324187,0.00103816282264018
3605,2,Investigations,Unincorporated - Rancho Dominguez,Total,68,1,0.12437294273619,0.000681503739245794
3611,2,Investigations,Unincorporated - Roosevelt,Total,72,1,0.541628484967815,0.0141634559041913
3617,2,Investigations,Unincorporated - Rosewood,Total,35,1,0.0233508970736606,2.64490875554815e-05
3623,2,Investigations,Unincorporated - Rosewood/East Gardena,Total,71,1,0.0643779660852807,0.000252707917485968
3629,2,Investigations,Unincorporated - Rosewood/West Rancho Dominguez,Total,63,1,0.0479068329661316,0.000117062494166081
3635,2,Investigations,Unincorporated - Rowland Heights,Total,38,1,0.516535188943005,0.00478647895987791
3641,2,Investigations,Unincorporated - San Francisquito Canyon/Bouquet Canyon,Total,0,,0.863155977687733,0.0158943568968908
3647,2,Investigations,Unincorporated - San Jose Hills,Total,38,1,0.138147283308622,0.000381325726814032
3653,2,Investigations,Unincorporated - San Pasqual,Total,0,,0.0435098026837972,6.4799798491402e-05
3659,2,Investigations,Unincorporated - Santa Monica Mountains,Total,10,1,1.48492153216469,0.0287520655979736
3665,2,Investigations,Unincorporated - Saugus,Total,0,,0.158195883680332,0.000481302608352729
3671,2,Investigations,Unincorporated - Saugus/Canyon Country,Total,0,,0.213870314502525,0.0012380844357767
3677,2,Investigations,Unincorporated - South Antelope Valley,Total,0,,0.340504866821923,0.00285797450910683
3683,2,Investigations,Unincorporated - South El Monte,Total,0,,0.0269231175961076,3.28892494036896e-05
3689,2,Investigations,Unincorporated - South San Gabriel,Total,17,1,0.174441698536934,0.000358376430697878
3695,2,Investigations,Unincorporated - South Whittier,Total,39,1,0.238222989843543,0.00135113885573707
3701,2,Investigations,Unincorporated - Southeast Antelope Valley,Total,0,,0.205115311265505,0.00111382184095603
3707,2,Investigations,Unincorporated - Stevenson Ranch,Total,15,1,0.5470073254955,0.0108599632444166
3713,2,Investigations,Unincorporated - Sun Village,Total,54,1,0.272398828597837,0.00283478744738399
3719,2,Investigations,Unincorporated - Sunrise Village,Total,0,,0.0240717175189222,2.89577905046769e-05
3725,2,Investigations,Unincorporated - Twin Lakes/Oat Mountain,Total,0,,0.412212951950637,0.00506556173656181
3731,2,Investigations,Unincorporated - Val Verde,Total,39,1,0.325927386867487,0.00459093158790009
3737,2,Investigations,Unincorporated - Valencia,Total,0,,0.0697962072296177,0.00017024297136003
3743,2,Investigations,Unincorporated - Valinda,Total,40,1,0.16265655113886,0.000512999765628884
3749,2,Investigations,Unincorporated - View Park/Windsor Hills,Total,29,1,0.110428329410128,0.000468259938200585
3755,2,Investigations,Unincorporated - Walnut Park,Total,46,1,0.0725441791695453,0.000189106719601764
3761,2,Investigations,Unincorporated - West Antelope Valley,Total,0,,1.76370705743916,0.0587422789207006
3767,2,Investigations,Unincorporated - West Carson,Total,19,1,0.166267401370902,0.000625372560857292
3773,2,Investigations,Unincorporated - West LA,Total,0,,0.0880150163677578,0.000228081343773041
3779,2,Investigations,Unincorporated - West Puente Valley,Total,40,1,0.0783793987534458,0.00019975546610438
3785,2,Investigations,Unincorporated - West Rancho Dominguez,Total,59,1,0.0310726994472164,4.63439213520285e-05
3791,2,Investigations,Unincorporated - West Whittier/Los Nietos,Total,36,1,0.223709444208896,0.000656099518354901
3797,2,Investigations,Unincorporated - Westfield/Academy Hills,Total,0,,0.0540133971563723,0.000131931471180989
3803,2,Investigations,Unincorporated - Westhills,Total,0,,0.0357876192216137,5.62528743745936e-05
3809,2,Investigations,Unincorporated - White Fence Farms,Total,63,1,0.204533491857316,0.00146417897291319
3815,2,Investigations,Unincorporated - Whittier,Total,23,1,0.275006458393404,0.00121302514148134
3821,2,Investigations,Unincorporated - Whittier Narrows,Total,0,,0.22249327034737,0.000752435061069071
3827,2,Investigations,Unincorporated - Willowbrook,Total,63,1,0.217665414382678,0.000870851339451289
3833,2,Investigations,Unincorporated - Wiseburn,Total,20,1,0.0535564211014082,0.000116861302360609
